{
  "python": "3.10.12",
  "platform": "Linux-5.15.167.4-microsoft-standard-WSL2-x86_64-with-glibc2.35",
  "release_build_required": true,
  "results": [
    {
      "case": "python_sentinel_monitoring_persistence_off",
      "ticks": 200000,
      "elapsed_ns": 186009047,
      "ns_per_tick": 930.045235,
      "ticks_per_sec": 1075216.518904051,
      "checksum": -6.0457749700399614e-05
    },
    {
      "case": "python_sentinel_monitoring_persistence_enqueue",
      "ticks": 20000,
      "elapsed_ns": 31777721,
      "ns_per_tick": 1588.88605,
      "ticks_per_sec": 629371.7538775043,
      "checksum": -1.8328568732076653e-05,
      "end_to_end_ns": 128285292,
      "end_to_end_ns_per_tick": 6414.2646
    }
  ]
}
